{"cameraMode":{"drawMode":0,"name":"Shaded","section":"Shading Mode"},"sceneLighting":false,"audioPlay":false,"sceneViewState":{"m_AlwaysRefresh":false,"showFog":true,"showSkybox":false,"showFlares":true,"showImageEffects":true,"showParticleSystems":true,"showVisualEffectGraphs":true,"m_FxEnabled":false},"in2DMode":false,"pivot":{"x":19.281641006469728,"y":-0.019307374954223634,"z":12.293166160583496},"rotation":{"x":-0.17546044290065766,"y":-0.16105400025844575,"z":0.029108673334121705,"w":-0.9707891941070557},"size":10.114901542663575,"orthographic":false}