{"cameraMode":{"drawMode":0,"name":"Shaded","section":"Shading Mode"},"sceneLighting":true,"audioPlay":false,"sceneViewState":{"m_AlwaysRefresh":false,"showFog":true,"showSkybox":false,"showFlares":true,"showImageEffects":true,"showParticleSystems":true,"showVisualEffectGraphs":true,"m_FxEnabled":false},"in2DMode":false,"pivot":{"x":-0.015511605888605118,"y":0.5228602290153503,"z":0.35479411482810976},"rotation":{"x":0.19663189351558686,"y":0.13367731869220735,"z":-0.027062280103564264,"w":0.9709649085998535},"size":0.5203503370285034,"orthographic":false}