{"cameraMode":{"drawMode":0,"name":"Shaded","section":"Shading Mode"},"sceneLighting":true,"audioPlay":false,"sceneViewState":{"m_AlwaysRefresh":false,"showFog":true,"showSkybox":true,"showFlares":true,"showImageEffects":true,"showParticleSystems":true,"showVisualEffectGraphs":true,"m_FxEnabled":false},"in2DMode":false,"pivot":{"x":3.890061140060425,"y":-1.927672028541565,"z":17.804790496826173},"rotation":{"x":-0.13638481497764588,"y":-0.003865789854899049,"z":0.0005631274543702602,"w":-0.9906771779060364},"size":15.593145370483399,"orthographic":false}