{"cameraMode":{"drawMode":0,"name":"Shaded","section":"Shading Mode"},"sceneLighting":true,"audioPlay":false,"sceneViewState":{"m_AlwaysRefresh":false,"showFog":true,"showSkybox":true,"showFlares":true,"showImageEffects":true,"showParticleSystems":true,"showVisualEffectGraphs":true,"m_FxEnabled":false},"in2DMode":false,"pivot":{"x":23.985469818115236,"y":-30.172409057617189,"z":135.15170288085938},"rotation":{"x":-0.11831110715866089,"y":-0.06043720990419388,"z":0.007246324326843023,"w":-0.9911377429962158},"size":76.28673553466797,"orthographic":false}