{"cameraMode":{"drawMode":0,"name":"Shaded","section":"Shading Mode"},"sceneLighting":false,"audioPlay":false,"sceneViewState":{"m_AlwaysRefresh":false,"showFog":true,"showSkybox":false,"showFlares":true,"showImageEffects":true,"showParticleSystems":true,"showVisualEffectGraphs":true,"m_FxEnabled":false},"in2DMode":false,"pivot":{"x":4.171850681304932,"y":8.282443046569825,"z":-0.05085945129394531},"rotation":{"x":-0.01758180372416973,"y":-0.9344345927238464,"z":0.046581368893384936,"w":-0.35267698764801028},"size":25.021568298339845,"orthographic":false}